Unnamed: 0,Season,Team,Inflation_Adjusted_2025,Win_Percentage
0,2000-2001,Portland,159265467,0.61
1,2000-2001,New York,134868788,0.58
2,2000-2001,Miami,133893083,0.61
3,2000-2001,Brooklyn,125702023,0.32
4,2000-2001,Washington,107675943,0.23
5,2000-2001,LA Lakers,107461347,0.68
6,2000-2001,Milwaukee,105367649,0.63
7,2000-2001,San Antonio,104268072,0.71
8,2000-2001,Indiana,100386811,0.5
9,2000-2001,Phoenix,98236801,0.62
10,2000-2001,Utah,98214049,0.65
11,2000-2001,Dallas,95263612,0.65
12,2000-2001,Denver,95107581,0.49
13,2000-2001,Oklahoma City,93922022,0.54
14,2000-2001,Boston,93812764,0.44
15,2000-2001,Philadelphia,93096125,0.68
16,2000-2001,Cleveland,90718111,0.37
17,2000-2001,Houston,89811961,0.55
18,2000-2001,Memphis,89113143,0.28
19,2000-2001,Minnesota,86541172,0.57
20,2000-2001,Sacramento,84313862,0.67
21,2000-2001,Golden State,77200694,0.21
22,2000-2001,Detroit,73760660,0.39
23,2000-2001,Atlanta,71613539,0.3
24,2000-2001,Toronto,69821464,0.57
25,2000-2001,Orlando,68265371,0.52
26,2000-2001,Chicago,54109356,0.18
27,2000-2001,LA Clippers,53953147,0.38
28,2001-2002,New York,151780123,0.37
29,2001-2002,Portland,148779239,0.6
30,2001-2002,Brooklyn,132719005,0.63
31,2001-2002,Philadelphia,102501114,0.52
32,2001-2002,Dallas,102301160,0.7
33,2001-2002,Phoenix,99894176,0.44
34,2001-2002,Milwaukee,99237401,0.5
35,2001-2002,Minnesota,97242068,0.61
36,2001-2002,Sacramento,96937124,0.74
37,2001-2002,Washington,96681321,0.45
38,2001-2002,Denver,96124258,0.33
39,2001-2002,LA Lakers,95773977,0.71
40,2001-2002,Indiana,94250058,0.51
41,2001-2002,Miami,94166335,0.44
42,2001-2002,Toronto,92941360,0.51
43,2001-2002,Utah,92915243,0.54
44,2001-2002,Atlanta,90943431,0.4
45,2001-2002,Memphis,89876337,0.28
46,2001-2002,Houston,86783192,0.34
47,2001-2002,Golden State,84158566,0.26
48,2001-2002,Boston,83866497,0.6
49,2001-2002,Orlando,81163046,0.54
50,2001-2002,San Antonio,80917378,0.71
51,2001-2002,Cleveland,80573481,0.35
52,2001-2002,Oklahoma City,80408908,0.55
53,2001-2002,Chicago,75177581,0.26
54,2001-2002,Detroit,74868385,0.61
55,2001-2002,LA Clippers,59746073,0.48
56,2002-2003,Portland,184410864,0.61
57,2002-2003,New York,163203998,0.45
58,2002-2003,Dallas,127382002,0.73
59,2002-2003,Sacramento,122974612,0.72
60,2002-2003,Philadelphia,113205131,0.58
61,2002-2003,LA Lakers,110286387,0.61
62,2002-2003,Memphis,106545607,0.34
63,2002-2003,Brooklyn,105504321,0.6
64,2002-2003,Minnesota,103942847,0.62
65,2002-2003,Milwaukee,101281964,0.51
66,2002-2003,Miami,100204748,0.3
67,2002-2003,Atlanta,97293910,0.43
68,2002-2003,Toronto,96764156,0.29
69,2002-2003,Phoenix,96444346,0.54
70,2002-2003,Indiana,93383357,0.58
71,2002-2003,San Antonio,92877317,0.73
72,2002-2003,Oklahoma City,92850981,0.49
73,2002-2003,Boston,91769470,0.54
74,2002-2003,Utah,88951559,0.57
75,2002-2003,Orlando,88079618,0.51
76,2002-2003,Houston,87635848,0.52
77,2002-2003,Cleveland,86639028,0.21
78,2002-2003,Denver,85763667,0.21
79,2002-2003,Detroit,83438667,0.61
80,2002-2003,Golden State,83368514,0.46
81,2002-2003,Washington,81540872,0.45
82,2002-2003,Chicago,77768511,0.37
83,2002-2003,New Orleans,77642401,0.57
84,2002-2003,LA Clippers,75017395,0.33
85,2003-2004,New York,152974005,0.48
86,2003-2004,Portland,141877741,0.5
87,2003-2004,Dallas,136028569,0.63
88,2003-2004,Minnesota,121893806,0.71
89,2003-2004,Sacramento,116935391,0.67
90,2003-2004,Phoenix,114470809,0.35
91,2003-2004,Atlanta,110307297,0.34
92,2003-2004,LA Lakers,109667222,0.68
93,2003-2004,Brooklyn,108938716,0.57
94,2003-2004,Toronto,107803308,0.4
95,2003-2004,Philadelphia,103318722,0.4
96,2003-2004,Boston,102933630,0.44
97,2003-2004,Indiana,99462352,0.74
98,2003-2004,Memphis,98131916,0.61
99,2003-2004,Chicago,94902043,0.28
100,2003-2004,Houston,94750913,0.55
101,2003-2004,Detroit,91401203,0.66
102,2003-2004,Golden State,91288107,0.45
103,2003-2004,Milwaukee,91036902,0.5
104,2003-2004,Oklahoma City,89527854,0.45
105,2003-2004,Orlando,86519404,0.26
106,2003-2004,New Orleans,85171353,0.5
107,2003-2004,Miami,80979792,0.51
108,2003-2004,San Antonio,79465681,0.7
109,2003-2004,Cleveland,78990929,0.43
110,2003-2004,Washington,78129691,0.3
111,2003-2004,Denver,67381969,0.52
112,2003-2004,LA Clippers,66895771,0.34
113,2003-2004,Utah,59427594,0.51
114,2004-2005,New York,169869031,0.4
115,2004-2005,Dallas,152215779,0.71
116,2004-2005,Portland,138573706,0.33
117,2004-2005,Philadelphia,119164363,0.52
118,2004-2005,Minnesota,116136117,0.54
119,2004-2005,Memphis,110981159,0.55
120,2004-2005,Orlando,110044463,0.44
121,2004-2005,Indiana,109414339,0.54
122,2004-2005,LA Lakers,107748764,0.42
123,2004-2005,Boston,106950918,0.55
124,2004-2005,Sacramento,102363887,0.61
125,2004-2005,Toronto,102191785,0.4
126,2004-2005,Houston,99840903,0.62
127,2004-2005,Miami,98580937,0.72
128,2004-2005,Milwaukee,95143914,0.37
129,2004-2005,Chicago,94858859,0.57
130,2004-2005,New Orleans,93694167,0.22
131,2004-2005,Brooklyn,91062680,0.51
132,2004-2005,Golden State,90996010,0.42
133,2004-2005,Detroit,90695840,0.66
134,2004-2005,Oklahoma City,89137089,0.63
135,2004-2005,Washington,82472254,0.55
136,2004-2005,Cleveland,81442491,0.51
137,2004-2005,San Antonio,78674784,0.72
138,2004-2005,Denver,76352236,0.6
139,2004-2005,LA Clippers,75327905,0.45
140,2004-2005,Phoenix,73862884,0.76
141,2004-2005,Utah,72069385,0.32
142,2004-2005,Atlanta,68001599,0.16
143,2004-2005,Charlotte,39619793,0.22
144,2005-2006,New York,204546649,0.28
145,2005-2006,Dallas,159033650,0.73
146,2005-2006,LA Lakers,117784029,0.55
147,2005-2006,Portland,96946748,0.26
148,2005-2006,Philadelphia,136988851,0.46
149,2005-2006,Minnesota,99874021,0.4
150,2005-2006,Phoenix,86623329,0.66
151,2005-2006,San Antonio,102684776,0.77
152,2005-2006,Denver,91251553,0.54
153,2005-2006,Golden State,92256901,0.42
154,2005-2006,Brooklyn,107335339,0.6
155,2005-2006,Miami,98100857,0.63
156,2005-2006,Sacramento,101459903,0.54
157,2005-2006,Houston,111871172,0.42
158,2005-2006,Milwaukee,101799984,0.49
159,2005-2006,Indiana,127272009,0.5
160,2005-2006,Cleveland,82871059,0.61
161,2005-2006,Boston,91922105,0.4
162,2005-2006,Washington,88123976,0.51
163,2005-2006,Utah,92674189,0.5
164,2005-2006,Memphis,109073698,0.6
165,2005-2006,Orlando,122414821,0.44
166,2005-2006,LA Clippers,82959386,0.57
167,2005-2006,Detroit,96302746,0.78
168,2005-2006,Oklahoma City,79558761,0.43
169,2005-2006,Chicago,92340837,0.5
170,2005-2006,Toronto,100813637,0.33
171,2005-2006,Atlanta,69368140,0.32
172,2005-2006,Charlotte,54046059,0.32
173,2006-2007,New York,181708756,0.4
174,2006-2007,Dallas,137084724,0.82
175,2006-2007,LA Lakers,119383317,0.51
176,2006-2007,Portland,116172564,0.39
177,2006-2007,Philadelphia,107058200,0.43
178,2006-2007,Minnesota,103466650,0.39
179,2006-2007,Phoenix,101949887,0.74
180,2006-2007,San Antonio,101660643,0.71
181,2006-2007,Denver,101449214,0.55
182,2006-2007,Golden State,100666627,0.51
183,2006-2007,Brooklyn,99851759,0.5
184,2006-2007,Miami,99743680,0.54
185,2006-2007,Sacramento,99558332,0.4
186,2006-2007,Houston,98847540,0.63
187,2006-2007,Milwaukee,98322546,0.34
188,2006-2007,Indiana,97734838,0.43
189,2006-2007,Cleveland,97539374,0.61
190,2006-2007,Boston,97521952,0.29
191,2006-2007,Washington,97138293,0.5
192,2006-2007,Utah,96566397,0.62
193,2006-2007,Memphis,95941029,0.27
194,2006-2007,Orlando,95146097,0.49
195,2006-2007,LA Clippers,91637263,0.49
196,2006-2007,Detroit,91373899,0.65
197,2006-2007,Oklahoma City,88239703,0.38
198,2006-2007,Chicago,84783736,0.6
199,2006-2007,Toronto,78993543,0.57
200,2006-2007,Atlanta,75225427,0.37
201,2006-2007,Charlotte,64978079,0.4
202,2008-2009,New York,138761126,0.39
203,2008-2009,Dallas,136466588,0.61
204,2008-2009,Cleveland,131086171,0.8
205,2008-2009,Portland,115237541,0.66
206,2008-2009,Boston,113699674,0.76
207,2008-2009,LA Lakers,112345455,0.79
208,2008-2009,Phoenix,109308179,0.56
209,2008-2009,Toronto,105455296,0.4
210,2008-2009,Houston,105247535,0.65
211,2008-2009,Detroit,102565318,0.48
212,2008-2009,Milwaukee,102459760,0.42
213,2008-2009,Washington,101573383,0.23
214,2008-2009,Miami,100932646,0.52
215,2008-2009,Denver,100679866,0.66
216,2008-2009,Orlando,100036590,0.72
217,2008-2009,Indiana,100030616,0.44
218,2008-2009,Sacramento,99363963,0.21
219,2008-2009,Oklahoma City,98125000,0.28
220,2008-2009,Philadelphia,98066709,0.5
221,2008-2009,Atlanta,97876948,0.57
222,2008-2009,Chicago,97816546,0.5
223,2008-2009,San Antonio,97663939,0.66
224,2008-2009,New Orleans,96960857,0.6
225,2008-2009,Golden State,96796633,0.35
226,2008-2009,Minnesota,95402059,0.29
227,2008-2009,Utah,94535211,0.58
228,2008-2009,Charlotte,90264446,0.43
229,2008-2009,LA Clippers,90116959,0.23
230,2008-2009,Brooklyn,89976708,0.42
231,2008-2009,Memphis,80344805,0.29
232,2007-2008,Dallas,153346197,0.62
233,2007-2008,New York,145045534,0.28
234,2007-2008,Denver,125093110,0.61
235,2007-2008,Cleveland,123976286,0.55
236,2007-2008,Miami,112742426,0.18
237,2007-2008,Boston,112353166,0.8
238,2007-2008,Philadelphia,111642599,0.49
239,2007-2008,Portland,110440960,0.5
240,2007-2008,LA Lakers,109514294,0.7
241,2007-2008,Phoenix,107548369,0.67
242,2007-2008,San Antonio,105626500,0.68
243,2007-2008,Houston,105393668,0.67
244,2007-2008,Minnesota,104111617,0.27
245,2007-2008,Indiana,99914141,0.44
246,2007-2008,Toronto,99585611,0.5
247,2007-2008,Detroit,99369227,0.72
248,2007-2008,Washington,98434512,0.52
249,2007-2008,Utah,97952121,0.66
250,2007-2008,LA Clippers,97784525,0.28
251,2007-2008,Sacramento,95606024,0.46
252,2007-2008,Chicago,95124917,0.4
253,2007-2008,New Orleans,94409903,0.68
254,2007-2008,Milwaukee,94351897,0.32
255,2007-2008,Golden State,93713720,0.58
256,2007-2008,Brooklyn,93243117,0.42
257,2007-2008,Oklahoma City,91773175,0.24
258,2007-2008,Orlando,87708746,0.63
259,2007-2008,Atlanta,83690424,0.45
260,2007-2008,Memphis,81605579,0.27
261,2007-2008,Charlotte,81043047,0.39
262,2009-2010,LA Lakers,133099830,0.7
263,2009-2010,Dallas,129513735,0.67
264,2009-2010,New York,124843928,0.35
265,2009-2010,Boston,121700763,0.61
266,2009-2010,Cleveland,121476973,0.74
267,2009-2010,Orlando,119732542,0.72
268,2009-2010,San Antonio,115562913,0.61
269,2009-2010,Denver,109149909,0.65
270,2009-2010,Miami,108090206,0.57
271,2009-2010,Washington,106971929,0.32
272,2009-2010,Utah,104736033,0.65
273,2009-2010,New Orleans,102199509,0.45
274,2009-2010,Chicago,101524429,0.5
275,2009-2010,Houston,100643130,0.51
276,2009-2010,Charlotte,100040750,0.54
277,2009-2010,Toronto,98789072,0.49
278,2009-2010,Sacramento,98342313,0.3
279,2009-2010,Milwaukee,97264272,0.56
280,2009-2010,Indiana,97202595,0.39
281,2009-2010,Atlanta,95965060,0.65
282,2009-2010,Golden State,95191218,0.32
283,2009-2010,Phoenix,95098250,0.66
284,2009-2010,Philadelphia,94508194,0.33
285,2009-2010,Minnesota,90677248,0.18
286,2009-2010,LA Clippers,89749472,0.35
287,2009-2010,Detroit,87665722,0.33
288,2009-2010,Brooklyn,86472605,0.15
289,2009-2010,Oklahoma City,85324671,0.61
290,2009-2010,Memphis,83444016,0.49
291,2009-2010,Portland,82947009,0.61
292,2010-2011,LA Lakers,131784621,0.7
293,2010-2011,Orlando,130837132,0.63
294,2010-2011,Dallas,123109908,0.7
295,2010-2011,Boston,118261000,0.68
296,2010-2011,Utah,109337903,0.48
297,2010-2011,Portland,107505539,0.58
298,2010-2011,Houston,104235859,0.52
299,2010-2011,Atlanta,103016707,0.54
300,2010-2011,Memphis,101245942,0.56
301,2010-2011,Toronto,100887473,0.27
302,2010-2011,San Antonio,100209529,0.74
303,2010-2011,Milwaukee,99567212,0.43
304,2010-2011,Philadelphia,99334506,0.5
305,2010-2011,Golden State,98613937,0.44
306,2010-2011,New Orleans,98347842,0.56
307,2010-2011,Denver,98043075,0.61
308,2010-2011,New York,96597741,0.51
309,2010-2011,Charlotte,95914708,0.42
310,2010-2011,Miami,95429186,0.71
311,2010-2011,Phoenix,95102276,0.49
312,2010-2011,Detroit,94437456,0.37
313,2010-2011,Indiana,93818815,0.45
314,2010-2011,Brooklyn,84316177,0.29
315,2010-2011,Washington,84069696,0.28
316,2010-2011,Oklahoma City,80606733,0.67
317,2010-2011,Chicago,78611238,0.76
318,2010-2011,Cleveland,77821270,0.23
319,2010-2011,Minnesota,77058915,0.21
320,2010-2011,LA Clippers,76719041,0.39
321,2010-2011,Sacramento,65250009,0.29
322,2011-2012,LA Lakers,122852404,0.62
323,2011-2012,Orlando,122422356,0.56
324,2011-2012,Portland,112630867,0.42
325,2011-2012,Phoenix,112240948,0.5
326,2011-2012,Boston,111099553,0.59
327,2011-2012,Dallas,107424610,0.55
328,2011-2012,New York,107303490,0.55
329,2011-2012,Miami,105043691,0.7
330,2011-2012,San Antonio,102626190,0.76
331,2011-2012,Atlanta,102538712,0.61
332,2011-2012,Detroit,98716216,0.38
333,2011-2012,Memphis,98304784,0.62
334,2011-2012,Chicago,96802179,0.76
335,2011-2012,LA Clippers,93719111,0.61
336,2011-2012,Philadelphia,92799060,0.53
337,2011-2012,New Orleans,91085170,0.32
338,2011-2012,Brooklyn,90862784,0.33
339,2011-2012,Cleveland,90298196,0.32
340,2011-2012,Golden State,85706846,0.35
341,2011-2012,Milwaukee,83779789,0.47
342,2011-2012,Oklahoma City,82818457,0.71
343,2011-2012,Denver,81498221,0.58
344,2011-2012,Utah,80976053,0.55
345,2011-2012,Charlotte,80591909,0.11
346,2011-2012,Houston,79366691,0.52
347,2011-2012,Minnesota,79119753,0.39
348,2011-2012,Washington,77090417,0.3
349,2011-2012,Toronto,76640434,0.35
350,2011-2012,Indiana,71756418,0.64
351,2011-2012,Sacramento,68132210,0.33
352,2012-2013,LA Lakers,137089243,0.55
353,2012-2013,Brooklyn,119993008,0.6
354,2012-2013,Miami,110112709,0.8
355,2012-2013,New York,109495505,0.66
356,2012-2013,Boston,103377445,0.51
357,2012-2013,Chicago,101984922,0.55
358,2012-2013,Golden State,95886612,0.57
359,2012-2013,San Antonio,95615008,0.71
360,2012-2013,Dallas,95516384,0.5
361,2012-2013,LA Clippers,94675978,0.68
362,2012-2013,Oklahoma City,94362978,0.73
363,2012-2013,Detroit,94203339,0.35
364,2012-2013,Atlanta,91331928,0.54
365,2012-2013,Philadelphia,91315035,0.42
366,2012-2013,Orlando,91122895,0.24
367,2012-2013,Indiana,90506393,0.6
368,2012-2013,Utah,89890814,0.52
369,2012-2013,Minnesota,88072913,0.38
370,2012-2013,New Orleans,87805656,0.33
371,2012-2013,Toronto,87221879,0.42
372,2012-2013,Denver,86860600,0.7
373,2012-2013,Memphis,86326467,0.68
374,2012-2013,Milwaukee,85444675,0.46
375,2012-2013,Washington,81755667,0.35
376,2012-2013,Portland,81381987,0.4
377,2012-2013,Charlotte,79574756,0.26
378,2012-2013,Cleveland,74577074,0.29
379,2012-2013,Sacramento,74508274,0.34
380,2012-2013,Phoenix,74199312,0.3
381,2012-2013,Houston,65782172,0.55
382,2013-2014,Brooklyn,138032757,0.54
383,2013-2014,New York,119845658,0.45
384,2013-2014,Miami,108770784,0.66
385,2013-2014,LA Lakers,104171929,0.33
386,2013-2014,Dallas,100927363,0.6
387,2013-2014,Chicago,98673324,0.58
388,2013-2014,LA Clippers,98287014,0.7
389,2013-2014,Golden State,97551504,0.62
390,2013-2014,Memphis,96864987,0.61
391,2013-2014,Oklahoma City,96408221,0.72
392,2013-2014,Toronto,96284761,0.58
393,2013-2014,Boston,95375029,0.3
394,2013-2014,Minnesota,92251548,0.49
395,2013-2014,New Orleans,90629716,0.42
396,2013-2014,Indiana,90392597,0.68
397,2013-2014,Cleveland,89681710,0.4
398,2013-2014,Denver,88508456,0.44
399,2013-2014,Washington,87050973,0.54
400,2013-2014,San Antonio,84921200,0.76
401,2013-2014,Detroit,83941045,0.35
402,2013-2014,Portland,82424578,0.66
403,2013-2014,Charlotte,81261143,0.52
404,2013-2014,Sacramento,79617644,0.34
405,2013-2014,Atlanta,79381541,0.46
406,2013-2014,Houston,77799775,0.66
407,2013-2014,Orlando,76622437,0.28
408,2013-2014,Utah,76573958,0.3
409,2013-2014,Phoenix,74767608,0.58
410,2013-2014,Milwaukee,73195250,0.18
411,2013-2014,Philadelphia,69616898,0.23
412,2014-2015,Brooklyn,115757521,0.46
413,2014-2015,LA Clippers,112385865,0.68
414,2014-2015,Dallas,111806900,0.61
415,2014-2015,Cleveland,108870827,0.65
416,2014-2015,New York,107257909,0.21
417,2014-2015,Toronto,107190349,0.6
418,2014-2015,Oklahoma City,105991554,0.55
419,2014-2015,New Orleans,105470012,0.55
420,2014-2015,LA Lakers,102218941,0.26
421,2014-2015,Houston,101299920,0.68
422,2014-2015,Miami,99933961,0.45
423,2014-2015,Memphis,99071471,0.67
424,2014-2015,Indiana,98590073,0.46
425,2014-2015,Golden State,97031531,0.82
426,2014-2015,Sacramento,96725589,0.35
427,2014-2015,Washington,96717556,0.56
428,2014-2015,San Antonio,93286684,0.67
429,2014-2015,Portland,92188171,0.62
430,2014-2015,Minnesota,91452780,0.2
431,2014-2015,Chicago,88863554,0.61
432,2014-2015,Detroit,88858270,0.39
433,2014-2015,Charlotte,88043990,0.4
434,2014-2015,Boston,82014153,0.49
435,2014-2015,Utah,80206983,0.46
436,2014-2015,Orlando,78601027,0.3
437,2014-2015,Atlanta,76875642,0.73
438,2014-2015,Phoenix,76478074,0.48
439,2014-2015,Denver,74898435,0.37
440,2014-2015,Milwaukee,71804662,0.5
441,2014-2015,Philadelphia,71649503,0.22
442,2015-2016,Cleveland,142581211,0.7
443,2015-2016,LA Clippers,127729210,0.65
444,2015-2016,Oklahoma City,126003321,0.67
445,2015-2016,Golden State,123319143,0.89
446,2015-2016,San Antonio,115634895,0.82
447,2015-2016,Houston,115202044,0.5
448,2015-2016,Chicago,114635645,0.51
449,2015-2016,Miami,112912227,0.58
450,2015-2016,Washington,111977978,0.5
451,2015-2016,New Orleans,110206207,0.37
452,2015-2016,Memphis,109567043,0.51
453,2015-2016,Brooklyn,105662759,0.26
454,2015-2016,Detroit,101710148,0.54
455,2015-2016,Boston,101559937,0.58
456,2015-2016,Charlotte,101188788,0.58
457,2015-2016,Dallas,99262779,0.51
458,2015-2016,New York,97735540,0.39
459,2015-2016,Milwaukee,97217512,0.4
460,2015-2016,LA Lakers,95704564,0.21
461,2015-2016,Denver,95565893,0.4
462,2015-2016,Minnesota,95168593,0.35
463,2015-2016,Atlanta,94345122,0.58
464,2015-2016,Indiana,94270703,0.55
465,2015-2016,Toronto,94252213,0.68
466,2015-2016,Sacramento,92961183,0.4
467,2015-2016,Phoenix,89649840,0.28
468,2015-2016,Philadelphia,85025979,0.12
469,2015-2016,Utah,83742634,0.49
470,2015-2016,Orlando,83204468,0.43
471,2015-2016,Portland,81211451,0.54
472,2016-2017,Cleveland,167533343,0.62
473,2016-2017,Portland,156074952,0.5
474,2016-2017,LA Clippers,149589264,0.62
475,2016-2017,San Antonio,146018902,0.74
476,2016-2017,Memphis,143497530,0.52
477,2016-2017,Toronto,141563674,0.62
478,2016-2017,Detroit,138817154,0.45
479,2016-2017,Orlando,135693836,0.35
480,2016-2017,Washington,135589072,0.6
481,2016-2017,Charlotte,134334324,0.44
482,2016-2017,New York,133733931,0.38
483,2016-2017,Dallas,133423098,0.4
484,2016-2017,New Orleans,132460421,0.42
485,2016-2017,Golden State,132419209,0.82
486,2016-2017,Miami,131318946,0.5
487,2016-2017,Atlanta,125550017,0.52
488,2016-2017,Milwaukee,125459700,0.51
489,2016-2017,Sacramento,124612990,0.39
490,2016-2017,LA Lakers,123551292,0.32
491,2016-2017,Boston,121835160,0.65
492,2016-2017,Chicago,120605903,0.5
493,2016-2017,Oklahoma City,118921455,0.57
494,2016-2017,Houston,118564259,0.67
495,2016-2017,Indiana,117681770,0.51
496,2016-2017,Phoenix,116998090,0.29
497,2016-2017,Philadelphia,110507474,0.34
498,2016-2017,Denver,109283609,0.49
499,2016-2017,Minnesota,108880975,0.38
500,2016-2017,Brooklyn,107400033,0.24
501,2016-2017,Utah,104462798,0.62
502,2017-2018,Cleveland,176641010,0.61
503,2017-2018,Golden State,176496341,0.71
504,2017-2018,Oklahoma City,172551767,0.58
505,2017-2018,Miami,171384276,0.54
506,2017-2018,Washington,158150619,0.52
507,2017-2018,New Orleans,154954494,0.58
508,2017-2018,Milwaukee,154578435,0.54
509,2017-2018,Houston,153788726,0.79
510,2017-2018,Detroit,153618991,0.48
511,2017-2018,LA Clippers,152746604,0.51
512,2017-2018,Portland,152252982,0.6
513,2017-2018,Charlotte,150552943,0.44
514,2017-2018,Toronto,149971558,0.72
515,2017-2018,Minnesota,148875924,0.57
516,2017-2018,Boston,147862224,0.67
517,2017-2018,San Antonio,147027354,0.57
518,2017-2018,Memphis,141982062,0.27
519,2017-2018,Denver,137933530,0.56
520,2017-2018,Utah,135449473,0.58
521,2017-2018,New York,135188201,0.35
522,2017-2018,LA Lakers,132268307,0.43
523,2017-2018,Philadelphia,129280953,0.63
524,2017-2018,Atlanta,128248869,0.29
525,2017-2018,Sacramento,127728771,0.33
526,2017-2018,Orlando,126591215,0.3
527,2017-2018,Brooklyn,122455063,0.34
528,2017-2018,Indiana,122193851,0.58
529,2017-2018,Phoenix,118874973,0.26
530,2017-2018,Chicago,116031124,0.33
531,2017-2018,Dallas,109584150,0.29
532,2018-2019,Miami,190971244,0.48
533,2018-2019,Golden State,182393116,0.7
534,2018-2019,Oklahoma City,180678980,0.6
535,2018-2019,Toronto,171798667,0.71
536,2018-2019,Milwaukee,163314041,0.73
537,2018-2019,Portland,162401395,0.65
538,2018-2019,Detroit,157789962,0.5
539,2018-2019,Houston,157685445,0.65
540,2018-2019,Boston,156265226,0.6
541,2018-2019,Memphis,156082748,0.4
542,2018-2019,Washington,154286083,0.39
543,2018-2019,New York,153837075,0.21
544,2018-2019,Cleveland,153672019,0.23
545,2018-2019,Minnesota,152060122,0.44
546,2018-2019,San Antonio,151594536,0.58
547,2018-2019,Charlotte,151393892,0.48
548,2018-2019,Brooklyn,148180613,0.51
549,2018-2019,Denver,147527819,0.66
550,2018-2019,LA Clippers,147153532,0.58
551,2018-2019,New Orleans,144692315,0.4
552,2018-2019,Philadelphia,143538306,0.62
553,2018-2019,Orlando,142624476,0.51
554,2018-2019,Utah,141916235,0.61
555,2018-2019,Chicago,140385239,0.27
556,2018-2019,Indiana,138049525,0.58
557,2018-2019,Phoenix,135516107,0.23
558,2018-2019,LA Lakers,133686642,0.45
559,2018-2019,Sacramento,126506975,0.48
560,2018-2019,Dallas,108418636,0.4
561,2018-2019,Atlanta,98720177,0.35
562,2019-2020,Oklahoma City,161928040,0.61
563,2019-2020,Portland,161881448,0.47
564,2019-2020,LA Clippers,161300533,0.68
565,2019-2020,Cleveland,160751868,0.29
566,2019-2020,Philadelphia,159345395,0.59
567,2019-2020,Miami,159290850,0.6
568,2019-2020,Golden State,158539039,0.23
569,2019-2020,Denver,157915026,0.63
570,2019-2020,Houston,157134618,0.61
571,2019-2020,Orlando,154663944,0.45
572,2019-2020,LA Lakers,152058818,0.73
573,2019-2020,Milwaukee,150391306,0.77
574,2019-2020,Toronto,150208932,0.74
575,2019-2020,Washington,148777244,0.35
576,2019-2020,Dallas,148255740,0.57
577,2019-2020,San Antonio,146227313,0.45
578,2019-2020,Utah,145850738,0.61
579,2019-2020,Brooklyn,145825752,0.49
580,2019-2020,New Orleans,144572641,0.42
581,2019-2020,Boston,144438990,0.67
582,2019-2020,Minnesota,140076911,0.3
583,2019-2020,Sacramento,139578905,0.43
584,2019-2020,Indiana,138444699,0.62
585,2019-2020,Chicago,138113087,0.34
586,2019-2020,Atlanta,135783499,0.3
587,2019-2020,Detroit,128209432,0.3
588,2019-2020,New York,122940807,0.32
589,2019-2020,Phoenix,120864909,0.47
590,2019-2020,Memphis,120811153,0.47
591,2019-2020,Charlotte,118426946,0.35
592,2020-2021,Golden State,208524600,0.54
593,2020-2021,Brooklyn,207719404,0.67
594,2020-2021,Philadelphia,180153433,0.68
595,2020-2021,LA Clippers,170278736,0.65
596,2020-2021,LA Lakers,169806014,0.58
597,2020-2021,Utah,166816089,0.72
598,2020-2021,Milwaukee,166502403,0.64
599,2020-2021,Miami,164195796,0.56
600,2020-2021,New Orleans,163184598,0.43
601,2020-2021,Boston,162002554,0.5
602,2020-2021,Memphis,160894802,0.53
603,2020-2021,Portland,160751057,0.58
604,2020-2021,Houston,160604330,0.24
605,2020-2021,Washington,160006880,0.47
606,2020-2021,Minnesota,158838062,0.32
607,2020-2021,Indiana,158718834,0.47
608,2020-2021,Denver,158177865,0.65
609,2020-2021,Cleveland,157948883,0.31
610,2020-2021,San Antonio,157866628,0.46
611,2020-2021,Toronto,157371946,0.38
612,2020-2021,Chicago,157166804,0.43
613,2020-2021,Phoenix,157038429,0.71
614,2020-2021,Dallas,155575488,0.58
615,2020-2021,Orlando,148362466,0.29
616,2020-2021,Atlanta,144785431,0.57
617,2020-2021,Detroit,142637587,0.28
618,2020-2021,Charlotte,131885330,0.46
619,2020-2021,Sacramento,130214040,0.43
620,2020-2021,New York,124473662,0.57
621,2020-2021,Oklahoma City,116719963,0.31
622,2021-2022,Golden State,206963957,0.65
623,2021-2022,Brooklyn,202143321,0.54
624,2021-2022,LA Clippers,194703915,0.51
625,2021-2022,LA Lakers,190114264,0.4
626,2021-2022,Milwaukee,186027881,0.62
627,2021-2022,Utah,173175425,0.6
628,2021-2022,Philadelphia,172206695,0.62
629,2021-2022,Miami,162860249,0.65
630,2021-2022,Indiana,159785807,0.3
631,2021-2022,Denver,159534234,0.58
632,2021-2022,Minnesota,158919956,0.56
633,2021-2022,Boston,157908082,0.62
634,2021-2022,Phoenix,157814221,0.78
635,2021-2022,Cleveland,157709500,0.54
636,2021-2022,Chicago,157360165,0.56
637,2021-2022,New Orleans,157025005,0.44
638,2021-2022,Atlanta,156298879,0.52
639,2021-2022,Toronto,155987201,0.58
640,2021-2022,Houston,152946704,0.24
641,2021-2022,Detroit,151620682,0.28
642,2021-2022,Sacramento,150854598,0.37
643,2021-2022,Washington,148035352,0.43
644,2021-2022,San Antonio,147613994,0.42
645,2021-2022,Orlando,146609408,0.27
646,2021-2022,Dallas,146505707,0.63
647,2021-2022,Portland,144298828,0.33
648,2021-2022,Charlotte,141235777,0.52
649,2021-2022,New York,139506473,0.45
650,2021-2022,Memphis,135621576,0.68
651,2021-2022,Oklahoma City,94846931,0.29
652,2022-2023,LA Clippers,204535294,0.54
653,2022-2023,Golden State,203984702,0.54
654,2022-2023,Milwaukee,193959293,0.71
655,2022-2023,Boston,189402747,0.7
656,2022-2023,Dallas,187929929,0.46
657,2022-2023,Phoenix,186655694,0.55
658,2022-2023,LA Lakers,179603738,0.52
659,2022-2023,Denver,172125732,0.65
660,2022-2023,Brooklyn,169186672,0.55
661,2022-2023,Washington,161173239,0.43
662,2022-2023,Cleveland,161127975,0.62
663,2022-2023,Chicago,161126647,0.49
664,2022-2023,Miami,160536360,0.54
665,2022-2023,Toronto,160095330,0.5
666,2022-2023,Philadelphia,159570063,0.66
667,2022-2023,Atlanta,158869639,0.5
668,2022-2023,New York,157970114,0.57
669,2022-2023,Oklahoma City,157830582,0.49
670,2022-2023,Utah,157705365,0.45
671,2022-2023,New Orleans,157305287,0.51
672,2022-2023,Minnesota,154583256,0.51
673,2022-2023,Portland,153738833,0.4
674,2022-2023,Sacramento,147829176,0.58
675,2022-2023,Houston,145874191,0.27
676,2022-2023,Detroit,136939969,0.21
677,2022-2023,Memphis,134804500,0.62
678,2022-2023,Orlando,133710077,0.42
679,2022-2023,Charlotte,133462735,0.33
680,2022-2023,Indiana,133284674,0.43
681,2022-2023,San Antonio,110848194,0.27
682,2023-2024,Golden State,215575491,0.56
683,2023-2024,LA Clippers,207350074,0.62
684,2023-2024,Phoenix,199598596,0.6
685,2023-2024,Milwaukee,192913480,0.6
686,2023-2024,Boston,192495669,0.78
687,2023-2024,Denver,186298923,0.7
688,2023-2024,Miami,182407172,0.56
689,2023-2024,LA Lakers,174924626,0.57
690,2023-2024,Dallas,172740566,0.61
691,2023-2024,New Orleans,172378150,0.6
692,2023-2024,Cleveland,171832777,0.58
693,2023-2024,Minnesota,171379743,0.68
694,2023-2024,Philadelphia,171212482,0.57
695,2023-2024,Chicago,170551964,0.48
696,2023-2024,Portland,170174630,0.26
697,2023-2024,New York,169893032,0.61
698,2023-2024,Toronto,167899669,0.3
699,2023-2024,Memphis,167482470,0.33
700,2023-2024,Oklahoma City,167344233,0.7
701,2023-2024,Atlanta,163882464,0.44
702,2023-2024,Brooklyn,159621241,0.39
703,2023-2024,Sacramento,158127009,0.56
704,2023-2024,Washington,155338839,0.18
705,2023-2024,Houston,153794701,0.5
706,2023-2024,Indiana,153141451,0.57
707,2023-2024,San Antonio,147112925,0.27
708,2023-2024,Detroit,143370164,0.17
709,2023-2024,Charlotte,139808870,0.26
710,2023-2024,Utah,137712338,0.38
711,2023-2024,Orlando,136584956,0.57
